Time_s,PredictedClass,VoteConfidence
0,1,0
0.000208333333333333,1,0
0.000416666666666667,1,0
0.000625,1,0
0.000833333333333333,1,0
0.00104166666666667,1,0
0.00125,1,0
0.00145833333333333,1,0
0.00166666666666667,1,0
0.001875,1,0
0.00208333333333333,1,0
0.00229166666666667,1,0
0.0025,1,0
0.00270833333333333,1,0
0.00291666666666667,1,0
0.003125,1,0
0.00333333333333333,1,0
0.00354166666666667,1,0
0.00375,1,0
0.00395833333333333,1,0
0.00416666666666667,1,0
0.004375,1,0
0.00458333333333333,1,0
0.00479166666666667,1,0
0.005,1,0
0.00520833333333333,1,0
0.00541666666666667,1,0
0.005625,1,0
0.00583333333333333,1,0
0.00604166666666667,1,0
0.00625,1,0
0.00645833333333333,1,0
0.00666666666666667,1,0
0.006875,1,0
0.00708333333333333,1,0
0.00729166666666667,1,0
0.0075,1,0
0.00770833333333333,1,0
0.00791666666666667,1,0
0.008125,1,0
0.00833333333333333,1,0
0.00854166666666667,1,0
0.00875,1,0
0.00895833333333333,1,0
0.00916666666666667,1,0
0.009375,1,0
0.00958333333333333,1,0
0.00979166666666667,1,0
0.01,1,0
0.0102083333333333,1,0
0.0104166666666667,1,0
0.010625,1,0
0.0108333333333333,1,0
0.0110416666666667,1,0
0.01125,1,0
0.0114583333333333,1,0
0.0116666666666667,1,0
0.011875,1,0
0.0120833333333333,1,0
0.0122916666666667,1,0
0.0125,1,0
0.0127083333333333,1,0
0.0129166666666667,1,0
0.013125,1,0
0.0133333333333333,1,0
0.0135416666666667,1,0
0.01375,1,0
0.0139583333333333,1,0
0.0141666666666667,1,0
0.014375,1,0
0.0145833333333333,1,0
0.0147916666666667,1,0
0.015,1,0
0.0152083333333333,1,0
0.0154166666666667,1,0
0.015625,1,0
0.0158333333333333,1,0
0.0160416666666667,1,0
0.01625,1,0
0.0164583333333333,1,1
0.0166666666666667,1,1
0.016875,1,1
0.0170833333333333,1,1
0.0172916666666667,1,1
0.0175,1,1
0.0177083333333333,1,1
0.0179166666666667,1,1
0.018125,1,1
0.0183333333333333,1,1
0.0185416666666667,1,1
0.01875,1,1
0.0189583333333333,1,1
0.0191666666666667,1,1
0.019375,1,1
0.0195833333333333,1,1
0.0197916666666667,1,1
0.02,1,1
0.0202083333333333,1,1
0.0204166666666667,1,1
0.020625,1,1
0.0208333333333333,1,1
0.0210416666666667,1,1
0.02125,1,1
0.0214583333333333,1,1
0.0216666666666667,1,1
0.021875,1,1
0.0220833333333333,1,1
0.0222916666666667,1,1
0.0225,1,1
0.0227083333333333,1,1
0.0229166666666667,1,1
0.023125,1,1
0.0233333333333333,1,1
0.0235416666666667,1,1
0.02375,1,1
0.0239583333333333,1,1
0.0241666666666667,1,1
0.024375,1,1
0.0245833333333333,1,1
0.0247916666666667,1,1
0.025,1,1
0.0252083333333333,1,1
0.0254166666666667,1,1
0.025625,1,1
0.0258333333333333,1,1
0.0260416666666667,1,1
0.02625,1,1
0.0264583333333333,1,1
0.0266666666666667,1,1
0.026875,1,1
0.0270833333333333,1,1
0.0272916666666667,1,1
0.0275,1,1
0.0277083333333333,1,1
0.0279166666666667,1,1
0.028125,1,1
0.0283333333333333,1,1
0.0285416666666667,1,1
0.02875,1,1
0.0289583333333333,1,1
0.0291666666666667,1,1
0.029375,1,1
0.0295833333333333,1,1
0.0297916666666667,1,1
0.03,1,1
0.0302083333333333,1,1
0.0304166666666667,1,1
0.030625,1,1
0.0308333333333333,1,1
0.0310416666666667,1,1
0.03125,1,1
0.0314583333333333,1,1
0.0316666666666667,1,1
0.031875,1,1
0.0320833333333333,1,1
0.0322916666666667,1,1
0.0325,1,1
0.0327083333333333,1,1
0.0329166666666667,1,1
0.033125,1,1
0.0333333333333333,1,1
0.0335416666666667,1,1
0.03375,1,1
0.0339583333333333,1,1
0.0341666666666667,1,1
0.034375,1,1
0.0345833333333333,1,1
0.0347916666666667,1,1
0.035,1,1
0.0352083333333333,1,1
0.0354166666666667,1,1
0.035625,1,1
0.0358333333333333,1,1
0.0360416666666667,1,1
0.03625,1,1
0.0364583333333333,1,1
0.0366666666666667,1,1
0.036875,1,1
0.0370833333333333,1,1
0.0372916666666667,1,1
0.0375,1,1
0.0377083333333333,1,1
0.0379166666666667,1,1
0.038125,1,1
0.0383333333333333,1,1
0.0385416666666667,1,1
0.03875,1,1
0.0389583333333333,1,1
0.0391666666666667,1,1
0.039375,1,1
0.0395833333333333,1,1
0.0397916666666667,1,1
0.04,1,1
0.0402083333333333,1,1
0.0404166666666667,1,1
0.040625,1,1
0.0408333333333333,1,1
0.0410416666666667,1,1
0.04125,1,1
0.0414583333333333,1,1
0.0416666666666667,1,1
0.041875,1,1
0.0420833333333333,1,1
0.0422916666666667,1,1
0.0425,1,1
0.0427083333333333,1,1
0.0429166666666667,1,1
0.043125,1,1
0.0433333333333333,1,1
0.0435416666666667,1,1
0.04375,1,1
0.0439583333333333,1,1
0.0441666666666667,1,1
0.044375,1,1
0.0445833333333333,1,1
0.0447916666666667,1,1
0.045,1,1
0.0452083333333333,1,1
0.0454166666666667,1,1
0.045625,1,1
0.0458333333333333,1,1
0.0460416666666667,1,1
0.04625,1,1
0.0464583333333333,1,1
0.0466666666666667,1,1
0.046875,1,1
0.0470833333333333,1,1
0.0472916666666667,1,1
0.0475,1,1
0.0477083333333333,1,1
0.0479166666666667,1,1
0.048125,1,1
0.0483333333333333,1,1
0.0485416666666667,1,1
0.04875,1,1
0.0489583333333333,1,1
0.0491666666666667,1,1
0.049375,1,1
0.0495833333333333,1,1
0.0497916666666667,1,1
0.05,1,1
0.0502083333333333,1,1
0.0504166666666667,1,1
0.050625,1,1
0.0508333333333333,1,1
0.0510416666666667,1,1
0.05125,1,1
0.0514583333333333,1,1
0.0516666666666667,1,1
0.051875,1,1
0.0520833333333333,1,1
0.0522916666666667,1,1
0.0525,1,1
0.0527083333333333,1,1
0.0529166666666667,1,1
0.053125,1,1
0.0533333333333333,1,1
0.0535416666666667,1,1
0.05375,1,1
0.0539583333333333,1,1
0.0541666666666667,1,1
0.054375,1,1
0.0545833333333333,1,1
0.0547916666666667,1,1
0.055,1,1
0.0552083333333333,1,1
0.0554166666666667,1,1
0.055625,1,1
0.0558333333333333,1,1
0.0560416666666667,1,1
0.05625,1,1
0.0564583333333333,1,1
0.0566666666666667,1,1
0.056875,1,1
0.0570833333333333,1,1
0.0572916666666667,1,1
0.0575,1,1
0.0577083333333333,1,1
0.0579166666666667,1,1
0.058125,1,1
0.0583333333333333,1,1
0.0585416666666667,1,1
0.05875,1,1
0.0589583333333333,1,1
0.0591666666666667,1,1
0.059375,1,1
0.0595833333333333,1,1
0.0597916666666667,1,1
0.06,1,1
0.0602083333333333,1,1
0.0604166666666667,1,1
0.060625,1,1
0.0608333333333333,1,1
0.0610416666666667,1,1
0.06125,1,1
0.0614583333333333,1,1
0.0616666666666667,1,1
0.061875,1,1
0.0620833333333333,1,1
0.0622916666666667,1,1
0.0625,1,1
0.0627083333333333,1,1
0.0629166666666667,1,1
0.063125,1,1
0.0633333333333333,1,1
0.0635416666666667,1,1
0.06375,1,1
0.0639583333333333,1,1
0.0641666666666667,1,1
0.064375,1,1
0.0645833333333333,1,1
0.0647916666666667,1,1
0.065,1,1
0.0652083333333333,1,1
0.0654166666666667,1,1
0.065625,1,1
0.0658333333333333,1,1
0.0660416666666667,1,1
0.06625,1,1
0.0664583333333333,1,1
0.0666666666666667,1,1
0.066875,1,1
0.0670833333333333,1,1
0.0672916666666667,1,1
0.0675,1,1
0.0677083333333333,1,1
0.0679166666666667,1,1
0.068125,1,1
0.0683333333333333,1,1
0.0685416666666667,1,1
0.06875,1,1
0.0689583333333333,1,1
0.0691666666666667,1,1
0.069375,1,1
0.0695833333333333,1,1
0.0697916666666667,1,1
0.07,1,1
0.0702083333333333,1,1
0.0704166666666667,1,1
0.070625,1,1
0.0708333333333333,1,1
0.0710416666666667,1,1
0.07125,1,1
0.0714583333333333,1,1
0.0716666666666667,1,1
0.071875,1,1
0.0720833333333333,1,1
0.0722916666666667,1,1
0.0725,1,1
0.0727083333333333,1,1
0.0729166666666667,1,1
0.073125,1,1
0.0733333333333333,1,1
0.0735416666666667,1,1
0.07375,1,1
0.0739583333333333,1,1
0.0741666666666667,1,1
0.074375,1,1
0.0745833333333333,1,1
0.0747916666666667,1,1
0.075,1,1
0.0752083333333333,1,1
0.0754166666666667,1,1
0.075625,1,1
0.0758333333333333,1,1
0.0760416666666667,1,1
0.07625,1,1
0.0764583333333333,1,1
0.0766666666666667,1,1
0.076875,1,1
0.0770833333333333,1,1
0.0772916666666667,1,1
0.0775,1,1
0.0777083333333333,1,1
0.0779166666666667,1,1
0.078125,1,1
0.0783333333333333,1,1
0.0785416666666667,1,1
0.07875,1,1
0.0789583333333333,1,1
0.0791666666666667,1,1
0.079375,1,1
0.0795833333333333,1,1
0.0797916666666667,1,1
0.08,1,1
0.0802083333333333,1,1
0.0804166666666667,1,1
0.080625,1,1
0.0808333333333333,1,1
0.0810416666666667,1,1
0.08125,1,1
0.0814583333333333,1,1
0.0816666666666667,1,1
0.081875,1,1
0.0820833333333333,1,1
0.0822916666666667,1,1
0.0825,1,1
0.0827083333333333,1,1
0.0829166666666667,1,1
0.083125,1,1
0.0833333333333333,1,1
0.0835416666666667,1,1
0.08375,1,1
0.0839583333333333,1,1
0.0841666666666667,1,1
0.084375,1,1
0.0845833333333333,1,1
0.0847916666666667,1,1
0.085,1,1
0.0852083333333333,1,1
0.0854166666666667,1,1
0.085625,1,1
0.0858333333333333,1,1
0.0860416666666667,1,1
0.08625,1,1
0.0864583333333333,1,1
0.0866666666666667,1,1
0.086875,1,1
0.0870833333333333,1,1
0.0872916666666667,1,1
0.0875,1,1
0.0877083333333333,1,1
0.0879166666666667,1,1
0.088125,1,1
0.0883333333333333,1,1
0.0885416666666667,1,1
0.08875,1,1
0.0889583333333333,1,1
0.0891666666666667,1,1
0.089375,1,1
0.0895833333333333,1,1
0.0897916666666667,1,1
0.09,1,1
0.0902083333333333,1,1
0.0904166666666667,1,1
0.090625,1,1
0.0908333333333333,1,1
0.0910416666666667,1,1
0.09125,1,1
0.0914583333333333,1,1
0.0916666666666667,1,1
0.091875,1,1
0.0920833333333333,1,1
0.0922916666666667,1,1
0.0925,1,1
0.0927083333333333,1,1
0.0929166666666667,1,1
0.093125,1,1
0.0933333333333333,1,1
0.0935416666666667,1,1
0.09375,1,1
0.0939583333333333,1,1
0.0941666666666667,1,1
0.094375,1,1
0.0945833333333333,1,1
0.0947916666666667,1,1
0.095,1,1
0.0952083333333333,1,1
0.0954166666666667,1,1
0.095625,1,1
0.0958333333333333,1,1
0.0960416666666667,1,1
0.09625,1,1
0.0964583333333333,1,1
0.0966666666666667,1,1
0.096875,1,1
0.0970833333333333,1,1
0.0972916666666667,1,1
0.0975,1,1
0.0977083333333333,1,1
0.0979166666666667,1,1
0.098125,1,1
0.0983333333333333,1,1
0.0985416666666667,1,1
0.09875,1,1
0.0989583333333333,1,1
0.0991666666666667,1,1
0.099375,1,1
0.0995833333333333,1,1
0.0997916666666667,1,1
0.1,1,1
0.100208333333333,1,1
0.100416666666667,1,1
0.100625,1,1
0.100833333333333,1,1
0.101041666666667,1,1
0.10125,1,1
0.101458333333333,1,1
0.101666666666667,1,1
0.101875,1,1
0.102083333333333,1,1
0.102291666666667,1,1
0.1025,1,1
0.102708333333333,1,1
0.102916666666667,1,1
0.103125,1,1
0.103333333333333,1,1
0.103541666666667,1,1
0.10375,1,1
0.103958333333333,1,1
0.104166666666667,1,1
0.104375,1,1
0.104583333333333,1,1
0.104791666666667,1,1
0.105,1,1
0.105208333333333,1,1
0.105416666666667,1,1
0.105625,1,1
0.105833333333333,1,1
0.106041666666667,1,1
0.10625,1,1
0.106458333333333,1,1
0.106666666666667,1,1
0.106875,1,1
0.107083333333333,1,1
0.107291666666667,1,1
0.1075,1,1
0.107708333333333,1,1
0.107916666666667,1,1
0.108125,1,1
0.108333333333333,1,1
0.108541666666667,1,1
0.10875,1,1
0.108958333333333,1,1
0.109166666666667,1,1
0.109375,1,1
0.109583333333333,1,1
0.109791666666667,1,1
0.11,1,1
0.110208333333333,1,1
0.110416666666667,1,1
0.110625,1,1
0.110833333333333,1,1
0.111041666666667,1,1
0.11125,1,1
0.111458333333333,1,1
0.111666666666667,1,1
0.111875,1,1
0.112083333333333,1,1
0.112291666666667,1,1
0.1125,1,1
0.112708333333333,1,1
0.112916666666667,1,1
0.113125,1,1
0.113333333333333,1,1
0.113541666666667,1,1
0.11375,1,1
0.113958333333333,1,1
0.114166666666667,1,1
0.114375,1,1
0.114583333333333,1,1
0.114791666666667,1,1
0.115,1,1
0.115208333333333,1,1
0.115416666666667,1,1
0.115625,1,1
0.115833333333333,1,1
0.116041666666667,1,1
0.11625,1,1
0.116458333333333,1,1
0.116666666666667,1,1
0.116875,1,1
0.117083333333333,1,1
0.117291666666667,1,1
0.1175,1,0.879166666666667
0.117708333333333,1,0.875
0.117916666666667,1,0.8125
0.118125,1,0.6375
0.118333333333333,1,0.616666666666667
0.118541666666667,1,0.423958333333333
0.11875,2,0.313541666666667
0.118958333333333,2,0.313541666666667
0.119166666666667,2,0.313541666666667
0.119375,2,0.359375
0.119583333333333,3,0.613020833333333
0.119791666666667,3,0.613020833333333
0.12,3,0.638020833333333
0.120208333333333,3,0.700520833333333
0.120416666666667,3,0.625520833333333
0.120625,3,0.563020833333333
0.120833333333333,3,0.563020833333333
0.121041666666667,3,0.563020833333333
0.12125,3,0.483854166666667
0.121458333333333,3,0.483854166666667
0.121666666666667,3,0.458854166666667
0.121875,3,0.413020833333333
0.122083333333333,8,0.418229166666667
0.122291666666667,8,0.5140625
0.1225,8,0.5265625
0.122708333333333,8,0.5265625
0.122916666666667,8,0.6390625
0.123125,8,0.6765625
0.123333333333333,8,0.6765625
0.123541666666667,8,0.7140625
0.12375,8,0.7390625
0.123958333333333,8,0.7453125
0.124166666666667,8,0.741666666666667
0.124375,8,0.754166666666667
0.124583333333333,8,0.754166666666667
0.124791666666667,8,0.754166666666667
0.125,8,0.754166666666667
0.125208333333333,8,0.754166666666667
0.125416666666667,8,0.754166666666667
0.125625,8,0.754166666666667
0.125833333333333,8,0.754166666666667
0.126041666666667,8,0.779166666666667
0.12625,8,0.804166666666667
0.126458333333333,8,0.838541666666667
0.126666666666667,8,0.838541666666667
0.126875,8,0.851041666666667
0.127083333333333,8,0.851041666666667
0.127291666666667,8,0.856041666666666
0.1275,8,0.931041666666667
0.127708333333333,8,0.931041666666667
0.127916666666667,8,0.938541666666667
0.128125,8,0.938541666666667
0.128333333333333,8,0.967708333333333
0.128541666666667,8,0.971875
0.12875,8,0.971875
0.128958333333333,8,0.971875
0.129166666666667,8,0.9625
0.129375,8,0.9625
0.129583333333333,8,0.95625
0.129791666666667,8,0.95625
0.13,8,0.98125
0.130208333333333,8,0.99375
0.130416666666667,8,0.99375
0.130625,8,0.99375
0.130833333333333,8,1
0.131041666666667,8,1
0.13125,8,1
0.131458333333333,8,1
0.131666666666667,8,0.9875
0.131875,8,0.9875
0.132083333333333,8,0.9875
0.132291666666667,8,0.9875
0.1325,8,0.9875
0.132708333333333,8,0.9875
0.132916666666667,8,0.9875
0.133125,8,0.9875
0.133333333333333,8,0.9875
0.133541666666667,8,0.9875
0.13375,8,0.9875
0.133958333333333,8,0.9875
0.134166666666667,8,0.9875
0.134375,8,0.9875
0.134583333333333,8,0.9875
0.134791666666667,8,0.9875
0.135,8,0.9875
0.135208333333333,8,0.9875
0.135416666666667,8,0.9875
0.135625,8,0.9875
0.135833333333333,8,0.9875
0.136041666666667,8,0.9875
0.13625,8,0.9875
0.136458333333333,8,0.9875
0.136666666666667,8,0.9875
0.136875,8,1
0.137083333333333,8,1
0.137291666666667,8,1
0.1375,8,1
0.137708333333333,8,1
0.137916666666667,8,1
0.138125,8,1
0.138333333333333,8,1
0.138541666666667,8,1
0.13875,8,1
0.138958333333333,8,1
0.139166666666667,8,1
0.139375,8,1
0.139583333333333,8,1
0.139791666666667,8,1
0.14,8,1
0.140208333333333,8,1
0.140416666666667,8,1
0.140625,8,1
0.140833333333333,8,1
0.141041666666667,8,1
0.14125,8,1
0.141458333333333,8,1
0.141666666666667,8,1
0.141875,8,1
0.142083333333333,8,1
0.142291666666667,8,1
0.1425,8,1
0.142708333333333,8,1
0.142916666666667,8,1
0.143125,8,1
0.143333333333333,8,1
0.143541666666667,8,1
0.14375,8,1
0.143958333333333,8,1
0.144166666666667,8,1
0.144375,8,1
0.144583333333333,8,1
0.144791666666667,8,1
0.145,8,1
0.145208333333333,8,1
0.145416666666667,8,1
0.145625,8,1
0.145833333333333,8,1
0.146041666666667,8,1
0.14625,8,1
0.146458333333333,8,1
0.146666666666667,8,1
0.146875,8,1
0.147083333333333,8,1
0.147291666666667,8,1
0.1475,8,1
0.147708333333333,8,1
0.147916666666667,8,1
0.148125,8,1
0.148333333333333,8,1
0.148541666666667,8,1
0.14875,8,1
0.148958333333333,8,1
0.149166666666667,8,1
0.149375,8,1
0.149583333333333,8,1
0.149791666666667,8,1
0.15,8,1
0.150208333333333,8,1
0.150416666666667,8,1
0.150625,8,1
0.150833333333333,8,1
0.151041666666667,8,1
0.15125,8,1
0.151458333333333,8,1
0.151666666666667,8,1
0.151875,8,1
0.152083333333333,8,1
0.152291666666667,8,1
0.1525,8,1
0.152708333333333,8,1
0.152916666666667,8,1
0.153125,8,1
0.153333333333333,8,1
0.153541666666667,8,1
0.15375,8,1
0.153958333333333,8,1
0.154166666666667,8,1
0.154375,8,1
0.154583333333333,8,1
0.154791666666667,8,1
0.155,8,1
0.155208333333333,8,1
0.155416666666667,8,1
0.155625,8,1
0.155833333333333,8,1
0.156041666666667,8,1
0.15625,8,1
0.156458333333333,8,1
0.156666666666667,8,1
0.156875,8,1
0.157083333333333,8,1
0.157291666666667,8,1
0.1575,8,1
0.157708333333333,8,1
0.157916666666667,8,1
0.158125,8,1
0.158333333333333,8,1
0.158541666666667,8,1
0.15875,8,1
0.158958333333333,8,1
0.159166666666667,8,1
0.159375,8,1
0.159583333333333,8,1
0.159791666666667,8,1
0.16,8,1
0.160208333333333,8,1
0.160416666666667,8,1
0.160625,8,1
0.160833333333333,8,1
0.161041666666667,8,1
0.16125,8,1
0.161458333333333,8,1
0.161666666666667,8,1
0.161875,8,1
0.162083333333333,8,1
0.162291666666667,8,1
0.1625,8,1
0.162708333333333,8,1
0.162916666666667,8,1
0.163125,8,1
0.163333333333333,8,1
0.163541666666667,8,1
0.16375,8,1
0.163958333333333,8,1
0.164166666666667,8,1
0.164375,8,1
0.164583333333333,8,1
0.164791666666667,8,1
0.165,8,1
0.165208333333333,8,1
0.165416666666667,8,1
0.165625,8,1
0.165833333333333,8,1
0.166041666666667,8,1
0.16625,8,1
0.166458333333333,8,1
0.166666666666667,8,1
0.166875,8,1
0.167083333333333,8,1
0.167291666666667,8,1
0.1675,8,1
0.167708333333333,8,1
0.167916666666667,8,1
0.168125,8,1
0.168333333333333,8,1
0.168541666666667,8,1
0.16875,8,1
0.168958333333333,8,1
0.169166666666667,8,1
0.169375,8,1
0.169583333333333,8,1
0.169791666666667,8,1
0.17,8,1
0.170208333333333,8,1
0.170416666666667,8,1
0.170625,8,1
0.170833333333333,8,1
0.171041666666667,8,1
0.17125,8,1
0.171458333333333,8,1
0.171666666666667,8,1
0.171875,8,1
0.172083333333333,8,1
0.172291666666667,8,1
0.1725,8,1
0.172708333333333,8,1
0.172916666666667,8,1
0.173125,8,1
0.173333333333333,8,1
0.173541666666667,8,1
0.17375,8,1
0.173958333333333,8,1
0.174166666666667,8,1
0.174375,8,1
0.174583333333333,8,1
0.174791666666667,8,1
0.175,8,1
0.175208333333333,8,1
0.175416666666667,8,1
0.175625,8,1
0.175833333333333,8,1
0.176041666666667,8,1
0.17625,8,1
0.176458333333333,8,1
0.176666666666667,8,1
0.176875,8,1
0.177083333333333,8,1
0.177291666666667,8,1
0.1775,8,1
0.177708333333333,8,1
0.177916666666667,8,1
0.178125,8,1
0.178333333333333,8,1
0.178541666666667,8,1
0.17875,8,1
0.178958333333333,8,1
0.179166666666667,8,1
0.179375,8,1
0.179583333333333,8,1
0.179791666666667,8,1
0.18,8,1
0.180208333333333,8,1
0.180416666666667,8,1
0.180625,8,1
0.180833333333333,8,1
0.181041666666667,8,1
0.18125,8,1
0.181458333333333,8,1
0.181666666666667,8,1
0.181875,8,1
0.182083333333333,8,1
0.182291666666667,8,1
0.1825,8,1
0.182708333333333,8,1
0.182916666666667,8,1
0.183125,8,1
0.183333333333333,8,1
0.183541666666667,8,1
0.18375,8,1
0.183958333333333,8,1
0.184166666666667,8,1
0.184375,8,1
0.184583333333333,8,1
0.184791666666667,8,1
0.185,8,1
0.185208333333333,8,1
0.185416666666667,8,1
0.185625,8,1
0.185833333333333,8,1
0.186041666666667,8,1
0.18625,8,1
0.186458333333333,8,1
0.186666666666667,8,1
0.186875,8,1
0.187083333333333,8,1
0.187291666666667,8,1
0.1875,8,1
0.187708333333333,8,1
0.187916666666667,8,1
0.188125,8,1
0.188333333333333,8,1
0.188541666666667,8,1
0.18875,8,1
0.188958333333333,8,1
0.189166666666667,8,1
0.189375,8,1
0.189583333333333,8,1
0.189791666666667,8,1
0.19,8,1
0.190208333333333,8,1
0.190416666666667,8,1
0.190625,8,1
0.190833333333333,8,1
0.191041666666667,8,1
0.19125,8,1
0.191458333333333,8,1
0.191666666666667,8,1
0.191875,8,1
0.192083333333333,8,1
0.192291666666667,8,1
0.1925,8,1
0.192708333333333,8,1
0.192916666666667,8,1
0.193125,8,1
0.193333333333333,8,1
0.193541666666667,8,1
0.19375,8,1
0.193958333333333,8,1
0.194166666666667,8,1
0.194375,8,1
0.194583333333333,8,1
0.194791666666667,8,1
0.195,8,1
0.195208333333333,8,1
0.195416666666667,8,1
0.195625,8,1
0.195833333333333,8,1
0.196041666666667,8,1
0.19625,8,1
0.196458333333333,8,1
0.196666666666667,8,1
0.196875,8,1
0.197083333333333,8,1
0.197291666666667,8,1
0.1975,8,1
0.197708333333333,8,1
0.197916666666667,8,1
0.198125,8,1
0.198333333333333,8,1
0.198541666666667,8,1
0.19875,8,1
0.198958333333333,8,1
0.199166666666667,8,1
0.199375,8,1
0.199583333333333,8,1
0.199791666666667,8,1
0.2,8,1
0.200208333333333,8,1
0.200416666666667,8,1
0.200625,8,1
0.200833333333333,8,1
0.201041666666667,8,1
0.20125,8,1
0.201458333333333,8,1
0.201666666666667,8,1
0.201875,8,1
0.202083333333333,8,1
0.202291666666667,8,1
0.2025,8,1
0.202708333333333,8,1
0.202916666666667,8,1
0.203125,8,1
0.203333333333333,8,1
0.203541666666667,8,1
0.20375,8,1
0.203958333333333,8,1
0.204166666666667,8,1
0.204375,8,1
0.204583333333333,8,1
0.204791666666667,8,1
0.205,8,1
0.205208333333333,8,1
0.205416666666667,8,1
0.205625,8,1
0.205833333333333,8,1
0.206041666666667,8,1
0.20625,8,1
0.206458333333333,8,1
0.206666666666667,8,1
0.206875,8,1
0.207083333333333,8,1
0.207291666666667,8,1
0.2075,8,1
0.207708333333333,8,1
0.207916666666667,8,1
0.208125,8,1
0.208333333333333,8,1
0.208541666666667,8,1
0.20875,8,1
0.208958333333333,8,1
0.209166666666667,8,1
0.209375,8,1
0.209583333333333,8,1
0.209791666666667,8,1
0.21,8,1
0.210208333333333,8,1
0.210416666666667,8,1
0.210625,8,1
0.210833333333333,8,1
0.211041666666667,8,1
0.21125,8,1
0.211458333333333,8,1
0.211666666666667,8,1
0.211875,8,1
0.212083333333333,8,1
0.212291666666667,8,1
0.2125,8,1
0.212708333333333,8,1
0.212916666666667,8,1
0.213125,8,1
0.213333333333333,8,1
0.213541666666667,8,1
0.21375,8,1
0.213958333333333,8,1
0.214166666666667,8,1
0.214375,8,1
0.214583333333333,8,1
0.214791666666667,8,1
0.215,8,1
0.215208333333333,8,1
0.215416666666667,8,1
0.215625,8,1
0.215833333333333,8,1
0.216041666666667,8,1
0.21625,8,1
0.216458333333333,8,1
0.216666666666667,8,1
0.216875,8,1
0.217083333333333,8,1
0.217291666666667,8,1
0.2175,8,1
0.217708333333333,8,1
0.217916666666667,8,1
0.218125,8,1
0.218333333333333,8,1
0.218541666666667,8,1
0.21875,8,1
0.218958333333333,8,1
0.219166666666667,8,1
0.219375,8,1
0.219583333333333,8,1
0.219791666666667,8,1
0.22,8,1
0.220208333333333,8,1
0.220416666666667,8,1
0.220625,8,1
0.220833333333333,8,1
0.221041666666667,8,1
0.22125,8,1
0.221458333333333,8,1
0.221666666666667,8,1
0.221875,8,1
0.222083333333333,8,1
0.222291666666667,8,1
0.2225,8,1
0.222708333333333,8,1
0.222916666666667,8,1
0.223125,8,1
0.223333333333333,8,1
0.223541666666667,8,1
0.22375,8,1
0.223958333333333,8,1
0.224166666666667,8,1
0.224375,8,1
0.224583333333333,8,1
0.224791666666667,8,1
0.225,8,1
0.225208333333333,8,1
0.225416666666667,8,1
0.225625,8,1
0.225833333333333,8,1
0.226041666666667,8,1
0.22625,8,1
0.226458333333333,8,1
0.226666666666667,8,1
0.226875,8,1
0.227083333333333,8,1
0.227291666666667,8,1
0.2275,8,1
0.227708333333333,8,1
0.227916666666667,8,1
0.228125,8,1
0.228333333333333,8,1
0.228541666666667,8,1
0.22875,8,1
0.228958333333333,8,1
0.229166666666667,8,1
0.229375,8,1
0.229583333333333,8,1
0.229791666666667,8,1
0.23,8,1
0.230208333333333,8,1
0.230416666666667,8,1
0.230625,8,1
0.230833333333333,8,1
0.231041666666667,8,1
0.23125,8,1
0.231458333333333,8,1
0.231666666666667,8,1
0.231875,8,1
0.232083333333333,8,1
0.232291666666667,8,1
0.2325,8,1
0.232708333333333,8,1
0.232916666666667,8,1
0.233125,8,1
0.233333333333333,8,1
0.233541666666667,8,1
0.23375,8,1
0.233958333333333,8,1
0.234166666666667,8,1
0.234375,8,1
0.234583333333333,8,1
0.234791666666667,8,1
0.235,8,1
0.235208333333333,8,1
0.235416666666667,8,1
0.235625,8,1
0.235833333333333,8,1
0.236041666666667,8,1
0.23625,8,1
0.236458333333333,8,1
0.236666666666667,8,1
0.236875,8,1
0.237083333333333,8,1
0.237291666666667,8,1
0.2375,8,1
0.237708333333333,8,1
0.237916666666667,8,1
0.238125,8,1
0.238333333333333,8,1
0.238541666666667,8,1
0.23875,8,1
0.238958333333333,8,1
0.239166666666667,8,1
0.239375,8,1
0.239583333333333,8,1
0.239791666666667,8,1
0.24,8,1
0.240208333333333,8,1
0.240416666666667,8,1
0.240625,8,1
0.240833333333333,8,1
0.241041666666667,8,1
0.24125,8,1
0.241458333333333,8,1
0.241666666666667,8,1
0.241875,8,1
0.242083333333333,8,1
0.242291666666667,8,1
0.2425,8,1
0.242708333333333,8,1
0.242916666666667,8,1
0.243125,8,1
0.243333333333333,8,1
0.243541666666667,8,1
0.24375,8,1
0.243958333333333,8,1
0.244166666666667,8,1
0.244375,8,1
0.244583333333333,8,1
0.244791666666667,8,1
0.245,8,1
0.245208333333333,8,1
0.245416666666667,8,1
0.245625,8,1
0.245833333333333,8,1
0.246041666666667,8,1
0.24625,8,1
0.246458333333333,8,1
0.246666666666667,8,1
0.246875,8,1
0.247083333333333,8,1
0.247291666666667,8,1
0.2475,8,1
0.247708333333333,8,1
0.247916666666667,8,1
0.248125,8,1
0.248333333333333,8,1
0.248541666666667,8,1
0.24875,8,1
0.248958333333333,8,1
0.249166666666667,8,1
0.249375,8,1
0.249583333333333,8,1
0.249791666666667,8,1
0.25,8,1
0.250208333333333,8,1
0.250416666666667,8,1
0.250625,8,1
0.250833333333333,8,1
0.251041666666667,8,1
0.25125,8,1
0.251458333333333,8,1
0.251666666666667,8,1
0.251875,8,1
0.252083333333333,8,1
0.252291666666667,8,1
0.2525,8,1
0.252708333333333,8,1
0.252916666666667,8,1
0.253125,8,1
0.253333333333333,8,1
0.253541666666667,8,1
0.25375,8,1
0.253958333333333,8,1
0.254166666666667,8,1
0.254375,8,1
0.254583333333333,8,1
0.254791666666667,8,1
0.255,8,1
0.255208333333333,8,1
0.255416666666667,8,1
0.255625,8,1
0.255833333333333,8,1
0.256041666666667,8,1
0.25625,8,1
0.256458333333333,8,1
0.256666666666667,8,1
0.256875,8,1
0.257083333333333,8,1
0.257291666666667,8,1
0.2575,8,1
0.257708333333333,8,1
0.257916666666667,8,1
0.258125,8,1
0.258333333333333,8,1
0.258541666666667,8,1
0.25875,8,1
0.258958333333333,8,1
0.259166666666667,8,1
0.259375,8,1
0.259583333333333,8,1
0.259791666666667,8,1
0.26,8,1
0.260208333333333,8,1
0.260416666666667,8,1
0.260625,8,1
0.260833333333333,8,1
0.261041666666667,8,1
0.26125,8,1
0.261458333333333,8,1
0.261666666666667,8,1
0.261875,8,1
0.262083333333333,8,1
0.262291666666667,8,1
0.2625,8,1
0.262708333333333,8,1
0.262916666666667,8,1
0.263125,8,1
0.263333333333333,8,1
0.263541666666667,8,1
0.26375,8,1
0.263958333333333,8,1
0.264166666666667,8,1
0.264375,8,1
0.264583333333333,8,1
0.264791666666667,8,1
0.265,8,0.741666666666667
0.265208333333333,8,0.654166666666667
0.265416666666667,8,0.654166666666667
0.265625,8,0.654166666666667
0.265833333333333,8,0.654166666666667
0.266041666666667,8,0.654166666666667
0.26625,8,0.660416666666667
0.266458333333333,8,0.660416666666667
0.266666666666667,8,0.647916666666667
0.266875,8,0.647916666666667
0.267083333333333,8,0.635416666666667
0.267291666666667,8,0.622916666666667
0.2675,8,0.622916666666667
0.267708333333333,8,0.510416666666667
0.267916666666667,8,0.510416666666667
0.268125,8,0.510416666666667
0.268333333333333,8,0.510416666666667
0.268541666666667,8,0.535416666666667
0.26875,8,0.622916666666667
0.268958333333333,8,0.622916666666667
0.269166666666667,8,0.622916666666667
0.269375,8,0.635416666666667
0.269583333333333,8,0.635416666666667
0.269791666666667,8,0.635416666666667
0.27,8,0.647916666666667
0.270208333333333,8,0.635416666666667
0.270416666666667,8,0.635416666666667
0.270625,8,0.635416666666667
0.270833333333333,8,0.635416666666667
0.271041666666667,8,0.635416666666667
0.27125,8,0.635416666666667
0.271458333333333,8,0.635416666666667
0.271666666666667,8,0.635416666666667
0.271875,8,0.635416666666667
0.272083333333333,8,0.635416666666667
0.272291666666667,8,0.635416666666667
0.2725,8,0.635416666666667
0.272708333333333,8,0.635416666666667
0.272916666666667,8,0.655729166666667
0.273125,8,0.655729166666667
0.273333333333333,8,0.655729166666667
0.273541666666667,8,0.655729166666667
0.27375,8,0.655729166666667
0.273958333333333,8,0.655729166666667
0.274166666666667,8,0.655729166666667
0.274375,8,0.655729166666667
0.274583333333333,8,0.655729166666667
0.274791666666667,8,0.630729166666667
0.275,8,0.593229166666667
0.275208333333333,8,0.593229166666667
0.275416666666667,8,0.584895833333333
0.275625,8,0.584895833333333
0.275833333333333,8,0.580729166666667
0.276041666666667,8,0.580729166666667
0.27625,8,0.580729166666667
0.276458333333333,8,0.580729166666667
0.276666666666667,8,0.580729166666667
0.276875,8,0.580729166666667
0.277083333333333,8,0.580729166666667
0.277291666666667,8,0.580729166666667
0.2775,8,0.580729166666667
0.277708333333333,8,0.530729166666667
0.277916666666667,8,0.530729166666667
0.278125,8,0.530729166666667
0.278333333333333,8,0.518229166666667
0.278541666666667,8,0.518229166666667
0.27875,8,0.493229166666667
0.278958333333333,8,0.493229166666667
0.279166666666667,8,0.468229166666667
0.279375,8,0.468229166666667
0.279583333333333,8,0.480729166666667
0.279791666666667,8,0.485729166666667
0.28,8,0.510729166666667
0.280208333333333,8,0.540416666666667
0.280416666666667,5,0.384583333333333
0.280625,5,0.372083333333333
0.280833333333333,5,0.372083333333333
0.281041666666667,5,0.302083333333333
0.28125,2,0.220833333333333
0.281458333333333,1,0.244791666666667
0.281666666666667,1,0.754166666666667
0.281875,1,1
0.282083333333333,1,1
0.282291666666667,1,1
0.2825,1,1
0.282708333333333,1,1
0.282916666666667,1,1
0.283125,1,1
0.283333333333333,1,1
0.283541666666667,1,1
0.28375,1,1
0.283958333333333,1,1
0.284166666666667,1,1
0.284375,1,1
0.284583333333333,1,1
0.284791666666667,1,1
0.285,1,1
0.285208333333333,1,1
0.285416666666667,1,1
0.285625,1,1
0.285833333333333,1,1
0.286041666666667,1,1
0.28625,1,1
0.286458333333333,1,1
0.286666666666667,1,1
0.286875,1,1
0.287083333333333,1,1
0.287291666666667,1,1
0.2875,1,1
0.287708333333333,1,1
0.287916666666667,1,1
0.288125,1,1
0.288333333333333,1,1
0.288541666666667,1,1
0.28875,1,1
0.288958333333333,1,1
0.289166666666667,1,1
0.289375,1,1
0.289583333333333,1,1
0.289791666666667,1,1
0.29,1,1
0.290208333333333,1,1
0.290416666666667,1,1
0.290625,1,1
0.290833333333333,1,1
0.291041666666667,1,1
0.29125,1,1
0.291458333333333,1,1
0.291666666666667,1,1
0.291875,1,1
0.292083333333333,1,1
0.292291666666667,1,1
0.2925,1,1
0.292708333333333,1,1
0.292916666666667,1,1
0.293125,1,1
0.293333333333333,1,1
0.293541666666667,1,1
0.29375,1,1
0.293958333333333,1,1
0.294166666666667,1,1
0.294375,1,1
0.294583333333333,1,1
0.294791666666667,1,1
0.295,1,1
0.295208333333333,1,1
0.295416666666667,1,1
0.295625,1,1
0.295833333333333,1,1
0.296041666666667,1,1
0.29625,1,1
0.296458333333333,1,1
0.296666666666667,1,1
0.296875,1,1
0.297083333333333,1,1
0.297291666666667,1,1
0.2975,1,1
0.297708333333333,1,1
0.297916666666667,1,1
0.298125,1,1
0.298333333333333,1,1
0.298541666666667,1,1
0.29875,1,1
0.298958333333333,1,1
0.299166666666667,1,1
0.299375,1,1
0.299583333333333,1,1
0.299791666666667,1,1
0.3,1,1
